-- =============================================================
-- Rooted Gardens — Development Seed Data (task 1.9)
-- Run via: supabase db reset
-- UUID segments: 0001=accounts, 0002=properties, 0003=zones,
--   0004=route_groups, 0005=employees, 0006=vehicles, 0007=equipment,
--   0008=visits, 0009=sessions, 000a=time_entries
-- =============================================================

-- =====================
-- ACCOUNTS (5)
-- =====================
INSERT INTO accounts (id, name, contact_name, email, phone, billing_type, price_per_visit, contract_rate, contract_period, status, notes) VALUES
  ('00000000-0000-0000-0001-000000000001', 'Hillcrest Farm',      'Tom Hillcrest',    'tom@hillcrestfarm.com',       '802-555-0101', 'per_visit', 125.00,   NULL,    NULL,       'active',      'Long-time client. Prefers Tuesday service.'),
  ('00000000-0000-0000-0001-000000000002', 'Maple Ridge HOA',     'Linda Marsh',      'lmarsh@mapleridgehoa.org',    '802-555-0102', 'contract',  NULL,     800.00,  'monthly',  'active',      'Two properties — community center and retention pond. Invoice monthly.'),
  ('00000000-0000-0000-0001-000000000003', 'The Larkin Property', 'Greg Larkin',      'glarkin@email.com',           '802-555-0103', 'per_visit',  95.00,   NULL,    NULL,       'active',      NULL),
  ('00000000-0000-0000-0001-000000000004', 'Birchwood Commons',   'Donna Park',       'dpark@birchwoodcommons.com',  '802-555-0104', 'contract',  NULL,    1200.00, 'seasonal', 'active',      'Commercial complex — three zones. Invoice seasonal.'),
  ('00000000-0000-0000-0001-000000000005', 'Old Stone Road',      'Mike & Anne Rossi','mrossi@email.com',            '802-555-0105', 'per_visit', 110.00,   NULL,    NULL,       'prospective', 'New potential client — intro visit scheduled for week of Jun 8.');

-- =====================
-- PROPERTIES (8)
-- =====================
INSERT INTO properties (id, account_id, address, parking_notes, access_notes, crew_notes) VALUES
  ('00000000-0000-0000-0002-000000000001', '00000000-0000-0000-0001-000000000001',
   '42 Hillcrest Rd, Norwich, VT 05055',
   'Park on the gravel pad to the left of the barn.', NULL,
   'Watch out for the stone wall along the north edge — mow carefully.'),
  ('00000000-0000-0000-0002-000000000002', '00000000-0000-0000-0001-000000000002',
   '10 Maple Ridge Dr, Sharon, VT 05065',
   'Use the back lot off Pine St.',
   'Key fob on the team key ring — label "MR".',
   'Community center. Residents often walking — be courteous and yield foot traffic.'),
  ('00000000-0000-0000-0002-000000000003', '00000000-0000-0000-0001-000000000002',
   '5 Pond View Ln, Sharon, VT 05065',
   'Same back lot as community center.', NULL,
   'Retention pond edge — stay 3 ft from the bank. Do not mow into the water.'),
  ('00000000-0000-0000-0002-000000000004', '00000000-0000-0000-0001-000000000003',
   '87 River Rd, Thetford, VT 05074',
   'Park in the dirt turnout on the right before the bridge.',
   'Gate is usually unlocked. Call Greg if locked: 802-555-0103.', NULL),
  ('00000000-0000-0000-0002-000000000005', '00000000-0000-0000-0001-000000000004',
   '15 Birch Ln, Hartford, VT 05047',
   'Loading dock on the east side is fine for trucks.',
   'Ask for Donna at the front desk for access to back areas.',
   'Commercial property. Three zones — see zone notes for each.'),
  ('00000000-0000-0000-0002-000000000006', '00000000-0000-0000-0001-000000000004',
   '20 Birch Ln, Hartford, VT 05047',
   'Same loading dock as main building.', NULL,
   'Back lot with parking island. Quick job — 20 min max.'),
  ('00000000-0000-0000-0002-000000000007', '00000000-0000-0000-0001-000000000005',
   '33 Old Stone Rd, Pomfret, VT 05067',
   'Pull up the long driveway and park near the garage.',
   'Gate code: #4821 (changed Jun 2026).',
   'New client. Go slowly and make a good impression.'),
  ('00000000-0000-0000-0002-000000000008', '00000000-0000-0000-0001-000000000005',
   '33 Old Stone Rd, Pomfret, VT 05067',
   'Same driveway as front lawn.',
   'Gate code: #4821.',
   'Garden beds around the south and north sides of the house.');

-- =====================
-- SERVICE ZONES (12)
-- =====================
INSERT INTO service_zones (id, property_id, account_id, name, frequency, sort_order, notes) VALUES
  ('00000000-0000-0000-0003-000000000001', '00000000-0000-0000-0002-000000000001', '00000000-0000-0000-0001-000000000001', 'Full Property',    'weekly',   1, NULL),
  ('00000000-0000-0000-0003-000000000002', '00000000-0000-0000-0002-000000000002', '00000000-0000-0000-0001-000000000002', 'Front Entry',      'weekly',   1, 'Include the island beds around the flagpole.'),
  ('00000000-0000-0000-0003-000000000003', '00000000-0000-0000-0002-000000000002', '00000000-0000-0000-0001-000000000002', 'Courtyard',        'biweekly', 2, 'Picnic table area — move tables if needed, replace after.'),
  ('00000000-0000-0000-0003-000000000004', '00000000-0000-0000-0002-000000000003', '00000000-0000-0000-0001-000000000002', 'Pond Surround',    'monthly',  1, 'Stay 3 ft from the bank.'),
  ('00000000-0000-0000-0003-000000000005', '00000000-0000-0000-0002-000000000004', '00000000-0000-0000-0001-000000000003', 'Full Property',    'weekly',   1, NULL),
  ('00000000-0000-0000-0003-000000000006', '00000000-0000-0000-0002-000000000005', '00000000-0000-0000-0001-000000000004', 'Front Lawn',       'weekly',   1, 'Large open area — use the wide-deck mower.'),
  ('00000000-0000-0000-0003-000000000007', '00000000-0000-0000-0002-000000000005', '00000000-0000-0000-0001-000000000004', 'Side Garden Beds', 'biweekly', 2, 'Trim only — no mowing. Edge along the brick border.'),
  ('00000000-0000-0000-0003-000000000008', '00000000-0000-0000-0002-000000000005', '00000000-0000-0000-0001-000000000004', 'Pool House Area',  'monthly',  3, 'Compact mower only — tight around the pool fence.'),
  ('00000000-0000-0000-0003-000000000009', '00000000-0000-0000-0002-000000000006', '00000000-0000-0000-0001-000000000004', 'Parking Island',   'monthly',  1, 'Mow the raised island in the center of the lot.'),
  ('00000000-0000-0000-0003-000000000010', '00000000-0000-0000-0002-000000000007', '00000000-0000-0000-0001-000000000005', 'Front Lawn',       'weekly',   1, NULL),
  ('00000000-0000-0000-0003-000000000011', '00000000-0000-0000-0002-000000000008', '00000000-0000-0000-0001-000000000005', 'South Garden',     'biweekly', 1, 'Perennial beds — trim and edge carefully, no mowing.'),
  ('00000000-0000-0000-0003-000000000012', '00000000-0000-0000-0002-000000000008', '00000000-0000-0000-0001-000000000005', 'North Beds',       'monthly',  2, 'Foundation planting along the north wall.');

-- =====================
-- ROUTE GROUPS (3)
-- =====================
INSERT INTO route_groups (id, name, sort_order) VALUES
  ('00000000-0000-0000-0004-000000000001', 'Norwich / Hartford Corridor', 1),
  ('00000000-0000-0000-0004-000000000002', 'Sharon VT',                   2),
  ('00000000-0000-0000-0004-000000000003', 'Thetford & Pomfret',          3);

-- =====================
-- PROPERTY ROUTE GROUPS
-- =====================
INSERT INTO property_route_groups (property_id, route_group_id, sort_order) VALUES
  ('00000000-0000-0000-0002-000000000001', '00000000-0000-0000-0004-000000000001', 1),
  ('00000000-0000-0000-0002-000000000005', '00000000-0000-0000-0004-000000000001', 2),
  ('00000000-0000-0000-0002-000000000006', '00000000-0000-0000-0004-000000000001', 3),
  ('00000000-0000-0000-0002-000000000002', '00000000-0000-0000-0004-000000000002', 1),
  ('00000000-0000-0000-0002-000000000003', '00000000-0000-0000-0004-000000000002', 2),
  ('00000000-0000-0000-0002-000000000004', '00000000-0000-0000-0004-000000000003', 1),
  ('00000000-0000-0000-0002-000000000007', '00000000-0000-0000-0004-000000000003', 2),
  ('00000000-0000-0000-0002-000000000008', '00000000-0000-0000-0004-000000000003', 3);

-- =====================
-- EMPLOYEES (5)
-- =====================
INSERT INTO employees (id, name, phone, email, role, side, active, hourly_rate) VALUES
  ('00000000-0000-0000-0005-000000000001', 'Ralph Tigertown', '802-555-0201', 'ralph@rootedgardens.com',   'owner',     'lawn',   true, NULL),
  ('00000000-0000-0000-0005-000000000002', 'Sarah Chen',      '802-555-0202', 'schen@rootedgardens.com',   'crew',      'lawn',   true, 22.00),
  ('00000000-0000-0000-0005-000000000003', 'Marcus Webb',     '802-555-0203', 'mwebb@rootedgardens.com',   'crew',      'lawn',   true, 20.00),
  ('00000000-0000-0000-0005-000000000004', 'Jake Torres',     '802-555-0204', 'jtorres@rootedgardens.com', 'crew',      'garden', true, 21.00),
  ('00000000-0000-0000-0005-000000000005', 'Diana Novak',     '802-555-0205', 'dnovak@rootedgardens.com',  'accountant', NULL,   true, NULL);

-- =====================
-- VEHICLES (3)
-- =====================
INSERT INTO vehicles (id, name, type, plate, status, notes) VALUES
  ('00000000-0000-0000-0006-000000000001', 'Blue F-150',   'truck', 'VT-ABL-221', 'available', NULL),
  ('00000000-0000-0000-0006-000000000002', 'White Ram',    'truck', 'VT-GXR-889', 'available', NULL),
  ('00000000-0000-0000-0006-000000000003', 'Green Tacoma', 'truck', 'VT-KJP-447', 'in_use',    'Currently out with Jake on a garden project.');

-- =====================
-- EQUIPMENT (4)
-- =====================
INSERT INTO equipment (id, name, type, status, last_serviced, notes) VALUES
  ('00000000-0000-0000-0007-000000000001', 'Mower #1',  'mower',   'available',   '2026-05-01', 'Wide-deck — use for Birchwood Front Lawn.'),
  ('00000000-0000-0000-0007-000000000002', 'Mower #2',  'mower',   'available',   '2026-04-15', NULL),
  ('00000000-0000-0000-0007-000000000003', 'Trimmer 1', 'trimmer', 'maintenance', '2026-03-10', 'Line replacement needed. Do not assign until serviced.'),
  ('00000000-0000-0000-0007-000000000004', 'Blower A',  'blower',  'available',   '2026-05-20', NULL);

-- =====================
-- VISITS (25)
-- Weeks: 2026-05-25 (W1), 2026-06-01 (W2), 2026-06-08 (W3 current)
-- All week_start dates are Mondays.
-- =====================

-- W1: 2026-05-25 — 12 visits (5 weekly + 3 biweekly + 4 monthly), all completed
INSERT INTO visits (id, service_zone_id, account_id, property_id, week_start, vehicle_id,
                    status, actual_date, service_types, completion_note,
                    invoiced_at, qbo_invoice_id, invoice_amount) VALUES
  ('00000000-0000-0000-0008-000000000001',
   '00000000-0000-0000-0003-000000000001','00000000-0000-0000-0001-000000000001','00000000-0000-0000-0002-000000000001',
   '2026-05-25','00000000-0000-0000-0006-000000000001',
   'invoiced','2026-05-27',ARRAY['mow','trim'],NULL,
   '2026-05-30 10:00:00+00','INV-001',125.00),
  ('00000000-0000-0000-0008-000000000002',
   '00000000-0000-0000-0003-000000000002','00000000-0000-0000-0001-000000000002','00000000-0000-0000-0002-000000000002',
   '2026-05-25','00000000-0000-0000-0006-000000000002',
   'completed','2026-05-27',ARRAY['mow','trim'],NULL,NULL,NULL,NULL),
  ('00000000-0000-0000-0008-000000000003',
   '00000000-0000-0000-0003-000000000003','00000000-0000-0000-0001-000000000002','00000000-0000-0000-0002-000000000002',
   '2026-05-25','00000000-0000-0000-0006-000000000002',
   'completed','2026-05-27',ARRAY['mow','edge'],NULL,NULL,NULL,NULL),
  ('00000000-0000-0000-0008-000000000004',
   '00000000-0000-0000-0003-000000000004','00000000-0000-0000-0001-000000000002','00000000-0000-0000-0002-000000000003',
   '2026-05-25','00000000-0000-0000-0006-000000000002',
   'completed','2026-05-28',ARRAY['mow'],NULL,NULL,NULL,NULL),
  ('00000000-0000-0000-0008-000000000005',
   '00000000-0000-0000-0003-000000000005','00000000-0000-0000-0001-000000000003','00000000-0000-0000-0002-000000000004',
   '2026-05-25','00000000-0000-0000-0006-000000000001',
   'invoiced','2026-05-28',ARRAY['mow','trim','edge'],NULL,
   '2026-05-30 10:00:00+00','INV-002',95.00),
  ('00000000-0000-0000-0008-000000000006',
   '00000000-0000-0000-0003-000000000006','00000000-0000-0000-0001-000000000004','00000000-0000-0000-0002-000000000005',
   '2026-05-25','00000000-0000-0000-0006-000000000001',
   'completed','2026-05-27',ARRAY['mow','trim'],NULL,NULL,NULL,NULL),
  ('00000000-0000-0000-0008-000000000007',
   '00000000-0000-0000-0003-000000000007','00000000-0000-0000-0001-000000000004','00000000-0000-0000-0002-000000000005',
   '2026-05-25','00000000-0000-0000-0006-000000000001',
   'completed','2026-05-27',ARRAY['trim','edge'],NULL,NULL,NULL,NULL),
  ('00000000-0000-0000-0008-000000000008',
   '00000000-0000-0000-0003-000000000008','00000000-0000-0000-0001-000000000004','00000000-0000-0000-0002-000000000005',
   '2026-05-25','00000000-0000-0000-0006-000000000001',
   'completed','2026-05-28',ARRAY['mow','trim','cleanup'],NULL,NULL,NULL,NULL),
  ('00000000-0000-0000-0008-000000000009',
   '00000000-0000-0000-0003-000000000009','00000000-0000-0000-0001-000000000004','00000000-0000-0000-0002-000000000006',
   '2026-05-25','00000000-0000-0000-0006-000000000001',
   'completed','2026-05-28',ARRAY['mow'],NULL,NULL,NULL,NULL),
  ('00000000-0000-0000-0008-000000000010',
   '00000000-0000-0000-0003-000000000010','00000000-0000-0000-0001-000000000005','00000000-0000-0000-0002-000000000007',
   '2026-05-25','00000000-0000-0000-0006-000000000002',
   'completed','2026-05-29',ARRAY['mow','trim'],NULL,NULL,NULL,NULL),
  ('00000000-0000-0000-0008-000000000011',
   '00000000-0000-0000-0003-000000000011','00000000-0000-0000-0001-000000000005','00000000-0000-0000-0002-000000000008',
   '2026-05-25','00000000-0000-0000-0006-000000000002',
   'completed','2026-05-29',ARRAY['trim','edge'],NULL,NULL,NULL,NULL),
  ('00000000-0000-0000-0008-000000000012',
   '00000000-0000-0000-0003-000000000012','00000000-0000-0000-0001-000000000005','00000000-0000-0000-0002-000000000008',
   '2026-05-25','00000000-0000-0000-0006-000000000002',
   'completed','2026-05-29',ARRAY['cleanup'],NULL,NULL,NULL,NULL);

-- W2: 2026-06-01 — 5 visits (weekly zones only)
INSERT INTO visits (id, service_zone_id, account_id, property_id, week_start, vehicle_id,
                    status, actual_date, service_types,
                    invoiced_at, qbo_invoice_id, invoice_amount) VALUES
  ('00000000-0000-0000-0008-000000000013',
   '00000000-0000-0000-0003-000000000001','00000000-0000-0000-0001-000000000001','00000000-0000-0000-0002-000000000001',
   '2026-06-01','00000000-0000-0000-0006-000000000001',
   'invoiced','2026-06-02',ARRAY['mow','trim'],
   '2026-06-05 09:00:00+00','INV-003',125.00),
  ('00000000-0000-0000-0008-000000000014',
   '00000000-0000-0000-0003-000000000002','00000000-0000-0000-0001-000000000002','00000000-0000-0000-0002-000000000002',
   '2026-06-01','00000000-0000-0000-0006-000000000002',
   'completed','2026-06-02',ARRAY['mow','trim'],NULL,NULL,NULL),
  ('00000000-0000-0000-0008-000000000015',
   '00000000-0000-0000-0003-000000000005','00000000-0000-0000-0001-000000000003','00000000-0000-0000-0002-000000000004',
   '2026-06-01','00000000-0000-0000-0006-000000000001',
   'invoiced','2026-06-03',ARRAY['mow','trim'],
   '2026-06-05 09:00:00+00','INV-004',95.00),
  ('00000000-0000-0000-0008-000000000016',
   '00000000-0000-0000-0003-000000000006','00000000-0000-0000-0001-000000000004','00000000-0000-0000-0002-000000000005',
   '2026-06-01','00000000-0000-0000-0006-000000000001',
   'completed','2026-06-02',ARRAY['mow','trim'],NULL,NULL,NULL),
  ('00000000-0000-0000-0008-000000000017',
   '00000000-0000-0000-0003-000000000010','00000000-0000-0000-0001-000000000005','00000000-0000-0000-0002-000000000007',
   '2026-06-01','00000000-0000-0000-0006-000000000002',
   'completed','2026-06-04',ARRAY['mow','trim'],NULL,NULL,NULL);

-- W3: 2026-06-08 — 8 visits (5 weekly + 3 biweekly), mixed statuses
INSERT INTO visits (id, service_zone_id, account_id, property_id, week_start, vehicle_id,
                    status, actual_date, service_types, completion_note, crew_instruction, skip_reason) VALUES
  ('00000000-0000-0000-0008-000000000018',
   '00000000-0000-0000-0003-000000000001','00000000-0000-0000-0001-000000000001','00000000-0000-0000-0002-000000000001',
   '2026-06-08','00000000-0000-0000-0006-000000000001',
   'completed','2026-06-09',ARRAY['mow','trim','edge'],'Trimmed fence line.',NULL,NULL),
  ('00000000-0000-0000-0008-000000000019',
   '00000000-0000-0000-0003-000000000002','00000000-0000-0000-0001-000000000002','00000000-0000-0000-0002-000000000002',
   '2026-06-08','00000000-0000-0000-0006-000000000002',
   'completed','2026-06-10',ARRAY['mow','trim'],NULL,NULL,NULL),
  -- Maple Ridge Courtyard (biweekly W3) — scheduled, no crew yet
  ('00000000-0000-0000-0008-000000000020',
   '00000000-0000-0000-0003-000000000003','00000000-0000-0000-0001-000000000002','00000000-0000-0000-0002-000000000002',
   '2026-06-08',NULL,'scheduled',NULL,NULL,NULL,NULL,NULL),
  ('00000000-0000-0000-0008-000000000021',
   '00000000-0000-0000-0003-000000000005','00000000-0000-0000-0001-000000000003','00000000-0000-0000-0002-000000000004',
   '2026-06-08','00000000-0000-0000-0006-000000000001',
   'completed','2026-06-11',ARRAY['mow','trim'],NULL,NULL,NULL),
  -- Birchwood Front Lawn — SKIPPED
  ('00000000-0000-0000-0008-000000000022',
   '00000000-0000-0000-0003-000000000006','00000000-0000-0000-0001-000000000004','00000000-0000-0000-0002-000000000005',
   '2026-06-08',NULL,'skipped',NULL,NULL,NULL,NULL,
   'Customer requested delay — irrigation system repair in progress.'),
  -- Birchwood Side Garden Beds (biweekly W3) — scheduled
  ('00000000-0000-0000-0008-000000000023',
   '00000000-0000-0000-0003-000000000007','00000000-0000-0000-0001-000000000004','00000000-0000-0000-0002-000000000005',
   '2026-06-08',NULL,'scheduled',NULL,NULL,NULL,NULL,NULL),
  -- Old Stone Front Lawn — scheduled WITH crew instruction (orange cell) + open session below
  ('00000000-0000-0000-0008-000000000024',
   '00000000-0000-0000-0003-000000000010','00000000-0000-0000-0001-000000000005','00000000-0000-0000-0002-000000000007',
   '2026-06-08',NULL,'scheduled',NULL,NULL,NULL,
   'Gate code changed to #4821. New client — intro visit. Say hello to the owner if they are home.',NULL),
  -- Old Stone South Garden (biweekly W3) — scheduled
  ('00000000-0000-0000-0008-000000000025',
   '00000000-0000-0000-0003-000000000011','00000000-0000-0000-0001-000000000005','00000000-0000-0000-0002-000000000008',
   '2026-06-08',NULL,'scheduled',NULL,NULL,NULL,NULL,NULL);

-- =====================
-- VISIT CREW
-- W1: Sarah+Marcus on lawn visits; Sarah+Jake on garden zones (vis07,08,11,12)
-- W2: Sarah+Marcus on all
-- W3: matched to each visit's status
-- =====================
INSERT INTO visit_crew (visit_id, employee_id, relation) VALUES
  -- W1 vis01 (Hillcrest): Sarah+Marcus
  ('00000000-0000-0000-0008-000000000001','00000000-0000-0000-0005-000000000002','assigned'),
  ('00000000-0000-0000-0008-000000000001','00000000-0000-0000-0005-000000000002','completed'),
  ('00000000-0000-0000-0008-000000000001','00000000-0000-0000-0005-000000000003','assigned'),
  ('00000000-0000-0000-0008-000000000001','00000000-0000-0000-0005-000000000003','completed'),
  -- W1 vis02 (Maple Ridge Front Entry): Sarah+Marcus
  ('00000000-0000-0000-0008-000000000002','00000000-0000-0000-0005-000000000002','assigned'),
  ('00000000-0000-0000-0008-000000000002','00000000-0000-0000-0005-000000000002','completed'),
  ('00000000-0000-0000-0008-000000000002','00000000-0000-0000-0005-000000000003','assigned'),
  ('00000000-0000-0000-0008-000000000002','00000000-0000-0000-0005-000000000003','completed'),
  -- W1 vis03 (Maple Ridge Courtyard): Sarah+Marcus
  ('00000000-0000-0000-0008-000000000003','00000000-0000-0000-0005-000000000002','assigned'),
  ('00000000-0000-0000-0008-000000000003','00000000-0000-0000-0005-000000000002','completed'),
  ('00000000-0000-0000-0008-000000000003','00000000-0000-0000-0005-000000000003','assigned'),
  ('00000000-0000-0000-0008-000000000003','00000000-0000-0000-0005-000000000003','completed'),
  -- W1 vis04 (Maple Ridge Pond): Sarah+Marcus
  ('00000000-0000-0000-0008-000000000004','00000000-0000-0000-0005-000000000002','assigned'),
  ('00000000-0000-0000-0008-000000000004','00000000-0000-0000-0005-000000000002','completed'),
  ('00000000-0000-0000-0008-000000000004','00000000-0000-0000-0005-000000000003','assigned'),
  ('00000000-0000-0000-0008-000000000004','00000000-0000-0000-0005-000000000003','completed'),
  -- W1 vis05 (Larkin): Sarah+Marcus
  ('00000000-0000-0000-0008-000000000005','00000000-0000-0000-0005-000000000002','assigned'),
  ('00000000-0000-0000-0008-000000000005','00000000-0000-0000-0005-000000000002','completed'),
  ('00000000-0000-0000-0008-000000000005','00000000-0000-0000-0005-000000000003','assigned'),
  ('00000000-0000-0000-0008-000000000005','00000000-0000-0000-0005-000000000003','completed'),
  -- W1 vis06 (Birchwood Front Lawn): Sarah+Marcus
  ('00000000-0000-0000-0008-000000000006','00000000-0000-0000-0005-000000000002','assigned'),
  ('00000000-0000-0000-0008-000000000006','00000000-0000-0000-0005-000000000002','completed'),
  ('00000000-0000-0000-0008-000000000006','00000000-0000-0000-0005-000000000003','assigned'),
  ('00000000-0000-0000-0008-000000000006','00000000-0000-0000-0005-000000000003','completed'),
  -- W1 vis07 (Birchwood Side Garden Beds): Sarah+Jake
  ('00000000-0000-0000-0008-000000000007','00000000-0000-0000-0005-000000000002','assigned'),
  ('00000000-0000-0000-0008-000000000007','00000000-0000-0000-0005-000000000002','completed'),
  ('00000000-0000-0000-0008-000000000007','00000000-0000-0000-0005-000000000004','assigned'),
  ('00000000-0000-0000-0008-000000000007','00000000-0000-0000-0005-000000000004','completed'),
  -- W1 vis08 (Birchwood Pool House): Sarah+Jake
  ('00000000-0000-0000-0008-000000000008','00000000-0000-0000-0005-000000000002','assigned'),
  ('00000000-0000-0000-0008-000000000008','00000000-0000-0000-0005-000000000002','completed'),
  ('00000000-0000-0000-0008-000000000008','00000000-0000-0000-0005-000000000004','assigned'),
  ('00000000-0000-0000-0008-000000000008','00000000-0000-0000-0005-000000000004','completed'),
  -- W1 vis09 (Birchwood Parking Island): Sarah+Marcus
  ('00000000-0000-0000-0008-000000000009','00000000-0000-0000-0005-000000000002','assigned'),
  ('00000000-0000-0000-0008-000000000009','00000000-0000-0000-0005-000000000002','completed'),
  ('00000000-0000-0000-0008-000000000009','00000000-0000-0000-0005-000000000003','assigned'),
  ('00000000-0000-0000-0008-000000000009','00000000-0000-0000-0005-000000000003','completed'),
  -- W1 vis10 (Old Stone Front Lawn): Sarah+Marcus
  ('00000000-0000-0000-0008-000000000010','00000000-0000-0000-0005-000000000002','assigned'),
  ('00000000-0000-0000-0008-000000000010','00000000-0000-0000-0005-000000000002','completed'),
  ('00000000-0000-0000-0008-000000000010','00000000-0000-0000-0005-000000000003','assigned'),
  ('00000000-0000-0000-0008-000000000010','00000000-0000-0000-0005-000000000003','completed'),
  -- W1 vis11 (Old Stone South Garden): Sarah+Jake
  ('00000000-0000-0000-0008-000000000011','00000000-0000-0000-0005-000000000002','assigned'),
  ('00000000-0000-0000-0008-000000000011','00000000-0000-0000-0005-000000000002','completed'),
  ('00000000-0000-0000-0008-000000000011','00000000-0000-0000-0005-000000000004','assigned'),
  ('00000000-0000-0000-0008-000000000011','00000000-0000-0000-0005-000000000004','completed'),
  -- W1 vis12 (Old Stone North Beds): Jake solo
  ('00000000-0000-0000-0008-000000000012','00000000-0000-0000-0005-000000000004','assigned'),
  ('00000000-0000-0000-0008-000000000012','00000000-0000-0000-0005-000000000004','completed'),

  -- W2 vis13 (Hillcrest): Sarah+Marcus
  ('00000000-0000-0000-0008-000000000013','00000000-0000-0000-0005-000000000002','assigned'),
  ('00000000-0000-0000-0008-000000000013','00000000-0000-0000-0005-000000000002','completed'),
  ('00000000-0000-0000-0008-000000000013','00000000-0000-0000-0005-000000000003','assigned'),
  ('00000000-0000-0000-0008-000000000013','00000000-0000-0000-0005-000000000003','completed'),
  -- W2 vis14 (Maple Ridge Front Entry): Sarah+Marcus
  ('00000000-0000-0000-0008-000000000014','00000000-0000-0000-0005-000000000002','assigned'),
  ('00000000-0000-0000-0008-000000000014','00000000-0000-0000-0005-000000000002','completed'),
  ('00000000-0000-0000-0008-000000000014','00000000-0000-0000-0005-000000000003','assigned'),
  ('00000000-0000-0000-0008-000000000014','00000000-0000-0000-0005-000000000003','completed'),
  -- W2 vis15 (Larkin): Sarah+Marcus
  ('00000000-0000-0000-0008-000000000015','00000000-0000-0000-0005-000000000002','assigned'),
  ('00000000-0000-0000-0008-000000000015','00000000-0000-0000-0005-000000000002','completed'),
  ('00000000-0000-0000-0008-000000000015','00000000-0000-0000-0005-000000000003','assigned'),
  ('00000000-0000-0000-0008-000000000015','00000000-0000-0000-0005-000000000003','completed'),
  -- W2 vis16 (Birchwood Front Lawn): Sarah+Marcus
  ('00000000-0000-0000-0008-000000000016','00000000-0000-0000-0005-000000000002','assigned'),
  ('00000000-0000-0000-0008-000000000016','00000000-0000-0000-0005-000000000002','completed'),
  ('00000000-0000-0000-0008-000000000016','00000000-0000-0000-0005-000000000003','assigned'),
  ('00000000-0000-0000-0008-000000000016','00000000-0000-0000-0005-000000000003','completed'),
  -- W2 vis17 (Old Stone Front): Sarah+Marcus
  ('00000000-0000-0000-0008-000000000017','00000000-0000-0000-0005-000000000002','assigned'),
  ('00000000-0000-0000-0008-000000000017','00000000-0000-0000-0005-000000000002','completed'),
  ('00000000-0000-0000-0008-000000000017','00000000-0000-0000-0005-000000000003','assigned'),
  ('00000000-0000-0000-0008-000000000017','00000000-0000-0000-0005-000000000003','completed'),

  -- W3 vis18 (Hillcrest, completed): Sarah+Marcus
  ('00000000-0000-0000-0008-000000000018','00000000-0000-0000-0005-000000000002','assigned'),
  ('00000000-0000-0000-0008-000000000018','00000000-0000-0000-0005-000000000002','completed'),
  ('00000000-0000-0000-0008-000000000018','00000000-0000-0000-0005-000000000003','assigned'),
  ('00000000-0000-0000-0008-000000000018','00000000-0000-0000-0005-000000000003','completed'),
  -- W3 vis19 (Maple Ridge Front, completed): Sarah+Marcus
  ('00000000-0000-0000-0008-000000000019','00000000-0000-0000-0005-000000000002','assigned'),
  ('00000000-0000-0000-0008-000000000019','00000000-0000-0000-0005-000000000002','completed'),
  ('00000000-0000-0000-0008-000000000019','00000000-0000-0000-0005-000000000003','assigned'),
  ('00000000-0000-0000-0008-000000000019','00000000-0000-0000-0005-000000000003','completed'),
  -- W3 vis20 (Maple Ridge Courtyard, scheduled): no crew assigned yet
  -- W3 vis21 (Larkin, completed): Sarah+Marcus
  ('00000000-0000-0000-0008-000000000021','00000000-0000-0000-0005-000000000002','assigned'),
  ('00000000-0000-0000-0008-000000000021','00000000-0000-0000-0005-000000000002','completed'),
  ('00000000-0000-0000-0008-000000000021','00000000-0000-0000-0005-000000000003','assigned'),
  ('00000000-0000-0000-0008-000000000021','00000000-0000-0000-0005-000000000003','completed'),
  -- W3 vis22 (Birchwood Front, skipped): assigned but not completed
  ('00000000-0000-0000-0008-000000000022','00000000-0000-0000-0005-000000000002','assigned'),
  ('00000000-0000-0000-0008-000000000022','00000000-0000-0000-0005-000000000003','assigned'),
  -- W3 vis23 (Birchwood Side Garden, scheduled): Jake pre-assigned
  ('00000000-0000-0000-0008-000000000023','00000000-0000-0000-0005-000000000004','assigned'),
  -- W3 vis24 (Old Stone Front, scheduled + open session): Sarah assigned
  ('00000000-0000-0000-0008-000000000024','00000000-0000-0000-0005-000000000002','assigned'),
  -- W3 vis25 (Old Stone South Garden, scheduled): Jake assigned
  ('00000000-0000-0000-0008-000000000025','00000000-0000-0000-0005-000000000004','assigned');

-- =====================
-- VISIT SESSIONS (6)
-- ses06 is the open session: Sarah on site at Old Stone Front Lawn right now
-- =====================
INSERT INTO visit_sessions (id, visit_id, employee_id, started_at, ended_at, source) VALUES
  ('00000000-0000-0000-0009-000000000001',
   '00000000-0000-0000-0008-000000000001','00000000-0000-0000-0005-000000000002',
   '2026-05-27 08:30:00+00','2026-05-27 10:15:00+00','crew_app'),
  ('00000000-0000-0000-0009-000000000002',
   '00000000-0000-0000-0008-000000000005','00000000-0000-0000-0005-000000000003',
   '2026-05-28 11:00:00+00','2026-05-28 12:30:00+00','crew_app'),
  ('00000000-0000-0000-0009-000000000003',
   '00000000-0000-0000-0008-000000000013','00000000-0000-0000-0005-000000000002',
   '2026-06-02 08:45:00+00','2026-06-02 10:30:00+00','crew_app'),
  ('00000000-0000-0000-0009-000000000004',
   '00000000-0000-0000-0008-000000000015','00000000-0000-0000-0005-000000000002',
   '2026-06-03 11:15:00+00','2026-06-03 12:45:00+00','crew_app'),
  ('00000000-0000-0000-0009-000000000005',
   '00000000-0000-0000-0008-000000000018','00000000-0000-0000-0005-000000000002',
   '2026-06-09 09:00:00+00','2026-06-09 10:45:00+00','crew_app'),
  -- OPEN: Sarah tapped Start on Old Stone Front Lawn — ended_at IS NULL
  ('00000000-0000-0000-0009-000000000006',
   '00000000-0000-0000-0008-000000000024','00000000-0000-0000-0005-000000000002',
   '2026-06-13 10:00:00+00',NULL,'crew_app');

-- =====================
-- TIME ENTRIES (2)
-- Payroll shift clock for the week of Jun 9
-- =====================
INSERT INTO time_entries (id, employee_id, date, clock_in, clock_out, break_minutes, approved) VALUES
  ('00000000-0000-0000-000a-000000000001',
   '00000000-0000-0000-0005-000000000002',
   '2026-06-09','2026-06-09 07:30:00+00','2026-06-09 16:00:00+00',30,false),
  ('00000000-0000-0000-000a-000000000002',
   '00000000-0000-0000-0005-000000000003',
   '2026-06-09','2026-06-09 07:45:00+00','2026-06-09 15:30:00+00',30,false);
